[
  {
    "назва": "Прогулянка в парку",
    "опис": "Вийди на прогулянку до найближчого парку",
    "місце": "на вулиці",
    "бюджет": "безкоштовно",
    "тривалість": "до 30 хв",
    "тип": "спокійна"
  },
  {
    "назва": "Кіновечір",
    "опис": "Подивись цікавий фільм або серіал",
    "місце": "вдома",
    "бюджет": "безкоштовно",
    "тривалість": "понад годину",
    "тип": "спокійна"
  },
  {
    "назва": "Онлайн-квіз з друзями",
    "опис": "Запропонуй друзям пройти онлайн-вікторину",
    "місце": "онлайн",
    "бюджет": "безкоштовно",
    "тривалість": "30-60 хв",
    "тип": "для компанії"
  },
  {
    "назва": "Міні-фітнес",
    "опис": "Зроби коротку зарядку або йогу",
    "місце": "вдома",
    "бюджет": "безкоштовно",
    "тривалість": "до 30 хв",
    "тип": "активна"
  }
]
